{"0": 49.80219271422479, "1": 50.23413270342596, "2": 50.32822901484941, "3": 50.336336464611804, "4": 50.3439221814819, "5": 50.93345265388788, "6": 50.93345265388788, "7": 50.93345265388788, "8": 50.93345265388788}