{"0": 207.6793740349318, "1": 207.6793740349318, "2": 207.6793740349318, "3": 207.6793740349318, "4": 207.6793740349318, "5": 207.6793740349318}