{"0": 6.2303812210479546, "1": 6.2303812210479546}