{"0": [10.212006280925705], "1": [6.123676363962525, 5.106003140462852], "2": [6.074633177749642, 2.553001570231426], "3": [4.381890808504153, 1.276500785115713], "4": [4.26437544405793, 0.6382503925578565], "5": [3.843485003870754, 0.5]}