{"0": 1547.7112558980893, "1": 1551.775367931685, "2": 1551.775367931685, "3": 1552.0126064696988, "4": 1552.0126064696988, "5": 1552.0126064696988, "6": 1552.0126064696988, "7": 1552.0126064696988, "8": 1552.0126064696988, "9": 1552.0126064696988, "10": 1552.0126064696988, "11": 1552.0134587907953, "12": 1552.0134587907953, "13": 1552.0137270822975}