{"0": [87.52982432309904], "1": [76.4056206479769, 43.76491216154952], "2": [67.6426729628045, 21.88245608077476], "3": [46.7865201421987, 10.94122804038738], "4": [31.184417270958427, 5.47061402019369], "5": [26.04709229643102, 2.735307010096845]}