{"0": [4.3957100798708], "1": [3.30336063967205, 2.1978550399354], "2": [2.7054226367151206, 1.0989275199677], "3": [2.2321626938662726, 0.54946375998385], "4": [2.2322653033901103, 0.5]}