{"0": 20.76793740349318, "1": 20.76793740349318, "2": 20.76793740349318, "3": 20.76793740349318, "4": 20.76793740349318, "5": 20.76793740349318}