{"0": 161.09929729784182, "1": 161.34245488518}