{"0": [245.86515242932003], "1": [226.59568233629753, 122.93257621466002], "2": [194.92621602820478, 61.46628810733001], "3": [129.3773804168491, 30.733144053665004], "4": [95.85568950526016, 15.366572026832502], "5": [87.5935354423202, 7.683286013416251]}