{"0": [617.5334046334592], "1": [524.8311044168133, 308.7667023167296], "2": [398.1697412368823, 154.3833511583648], "3": [177.38797511600276, 77.1916755791824], "4": [55.32525029617929, 38.5958377895912], "5": [34.18264371885993, 19.2979188947956], "6": [21.764232026961956, 9.6489594473978], "7": [12.401393711775597, 4.8244797236989], "8": [8.187221328322169, 2.41223986184945], "9": [3.827507404944526, 1.206119930924725], "10": [2.0221317192589887, 0.6030599654623625], "11": [1.5734641516592571, 0.5]}