{"0": [74.91729918040635], "1": [64.40332610210717, 37.45864959020317], "2": [50.60669663278261, 18.729324795101586], "3": [29.165267949054886, 9.364662397550793], "4": [21.053337868305523, 4.682331198775397], "5": [7.6737145675303085, 2.3411655993876983], "6": [5.255954193275938, 1.1705827996938492], "7": [3.856547715472526, 0.5852913998469246], "8": [3.6800144835197575, 0.5]}