{"0": [2093.3175741606838], "1": [1766.4738836914812, 1046.6587870803419], "2": [1491.0842315547325, 523.3293935401709], "3": [633.8181353961854, 261.66469677008547], "4": [444.9562881407651, 130.83234838504274], "5": [122.1661246195715, 65.41617419252137], "6": [71.67684332232454, 32.708087096260684], "7": [33.50916245905617, 16.354043548130342], "8": [18.767076817808153, 8.177021774065171], "9": [12.186947907960203, 4.0885108870325855], "10": [5.455534680608955, 2.0442554435162927], "11": [3.5935818446461605, 1.0221277217581464], "12": [1.772047705568326, 0.5110638608790732], "13": [1.673224221650519, 0.5]}