{"0": 463.1862012638236, "1": 463.6436243360142, "2": 464.0666608230613, "3": 464.1689133631184, "4": 464.17315118862143, "5": 464.17315118862143, "6": 464.17524067781505, "7": 464.17524067781505, "8": 464.1787135200436, "9": 464.1787135200436, "10": 464.18119803741496, "11": 464.183089474464}