{"0": 20.76793740349318, "1": 20.76793740349318}