{"0": 62.303812210479535, "1": 62.303812210479535, "2": 62.303812210479535, "3": 62.303812210479535, "4": 62.303812210479535, "5": 62.303812210479535, "6": 62.303812210479535}