{"0": [209.95197393066846], "1": [170.95906007364718, 104.97598696533423], "2": [142.04605243254704, 52.487993482667115], "3": [67.7113554105937, 26.243996741333557], "4": [23.762586952560866, 13.121998370666779], "5": [11.215028394806628, 6.560999185333389], "6": [5.111339051949634, 3.2804995926666947], "7": [3.686666769941547, 1.6402497963333473], "8": [2.0528598819632218, 0.8201248981666737], "9": [1.4281075919915338, 0.5]}