{"0": 50.080791751007546, "1": 51.4365698583133}