{"0": [2977.602724361141], "1": [988.4699475246586, 1488.8013621805705], "2": [620.8747932717125, 494.2349737623293], "3": [455.34552017808215, 247.11748688116464], "4": [299.56661292123255, 123.55874344058232], "5": [160.45892908267462, 61.77937172029116], "6": [96.47170013205074, 30.88968586014558], "7": [69.44475796020618, 15.44484293007279], "8": [59.84434549096574, 7.722421465036395]}