{"0": 8.176520314549506, "1": 8.497913903650149, "2": 8.497913903650149, "3": 8.509428177638325, "4": 8.509428177638325}