{"0": 8.97925341667042, "1": 8.97925341667042, "2": 8.97925341667042, "3": 8.97925341667042, "4": 8.97925341667042, "5": 8.97925341667042, "6": 8.97925341667042, "7": 8.97925341667042}