{"0": 29.93084472223473, "1": 29.93084472223473}