{"0": 897.9253416670418, "1": 897.9253416670418, "2": 897.9253416670418, "3": 897.9253416670418, "4": 897.9253416670418, "5": 897.9253416670418, "6": 897.9253416670418, "7": 897.9253416670418, "8": 897.9253416670418}