{"0": [193.58502265943764], "1": [121.88700067349376, 96.79251132971882], "2": [104.42806009765748, 48.39625566485941], "3": [82.00092412403028, 24.198127832429705], "4": [63.82150477306483, 12.099063916214853], "5": [45.84724928455153, 6.049531958107426]}