{"0": 2993.084472223473, "1": 2993.084472223473, "2": 2993.084472223473, "3": 2993.084472223473, "4": 2993.084472223473, "5": 2993.084472223473, "6": 2993.084472223473, "7": 2993.084472223473, "8": 2993.084472223473}