{"0": [1510.7376622092181], "1": [839.3565739250532, 755.3688311046091], "2": [574.6541190615269, 377.68441555230453], "3": [408.43093980992074, 188.84220777615226], "4": [272.02175347449435, 94.42110388807613], "5": [99.37726991280263, 47.210551944038066], "6": [31.620856145429208, 23.605275972019033], "7": [14.58959513516112, 11.802637986009517], "8": [6.532231608756255, 5.901318993004758], "9": [3.538854462520076, 2.950659496502379], "10": [1.7642165948467443, 1.4753297482511896], "11": [1.0, 0.7376648741255948], "12": [1.0, 0.5]}