{"0": [27059.06384241343], "1": [9072.416659741035, 13529.531921206715], "2": [5855.0470652363465, 4536.208329870517], "3": [3994.152387190891, 2268.1041649352587], "4": [2698.487326213752, 1134.0520824676294], "5": [1404.7010586064607, 567.0260412338147], "6": [864.2724883518267, 283.51302061690734], "7": [645.3036542998657, 141.75651030845367], "8": [537.7625319870453, 70.87825515422684]}