{"0": [651.3376850003867], "1": [421.81412443350894, 325.66884250019336], "2": [334.51639473329584, 162.83442125009668], "3": [252.79637279158274, 81.41721062504834], "4": [202.32119516907358, 40.70860531252417], "5": [138.0892412374055, 20.354302656262085], "6": [98.87938754674292, 10.177151328131043]}