{"0": [38.71479225282931], "1": [5.113889253305104, 19.357396126414656], "2": [1.3932268474222742, 2.556944626652552], "3": [1.0, 0.6966134237111371], "4": [1.0, 0.5]}