{"0": 29.93084472223473, "1": 29.93084472223473, "2": 29.93084472223473, "3": 29.93084472223473, "4": 29.93084472223473, "5": 29.93084472223473, "6": 29.93084472223473, "7": 29.93084472223473, "8": 29.93084472223473, "9": 29.93084472223473}