{"0": [549.6473995990076], "1": [318.3219874515436, 274.8236997995038], "2": [231.40499873075711, 137.4118498997519], "3": [151.8167539358352, 68.70592494987595], "4": [94.80408743577466, 34.352962474937975], "5": [41.44132280500448, 17.176481237468987], "6": [14.211774214060611, 8.588240618734494], "7": [5.329289482769035, 4.294120309367247], "8": [1.9301553472159276, 2.1470601546836234], "9": [1.0, 0.9650776736079638], "10": [1.0, 0.5]}