{"0": [127.36533041780413], "1": [38.144396437403806, 63.682665208902066], "2": [24.664546308493783, 19.072198218701903], "3": [16.684104565713444, 9.536099109350952], "4": [10.591559795274677, 4.768049554675476], "5": [3.3554728122240176, 2.384024777337738], "6": [1.3669392855217197, 1.192012388668869], "7": [1.0, 0.5960061943344345], "8": [1.0, 0.5]}