{"0": 632.8465727030989, "1": 632.8465727030989, "2": 641.3409394378574, "3": 652.6426063649878, "4": 652.7083774852904, "5": 653.1484911344617, "6": 653.427215512325, "7": 653.5325234199433, "8": 653.5394177400304, "9": 653.5394177400304, "10": 653.548378393065, "11": 653.548378393065, "12": 653.5485123779375}