{"0": [7614.33681268866], "1": [2423.1879558042638, 3807.16840634433], "2": [1431.6737549134875, 1211.5939779021319], "3": [969.4789982342116, 605.7969889510659], "4": [585.1470874946258, 302.89849447553297], "5": [206.80376302783392, 151.44924723776649], "6": [86.75302302931006, 75.72462361888324], "7": [34.06355936622854, 37.86231180944162], "8": [18.25786646313471, 17.03177968311427], "9": [7.415938452726894, 8.515889841557135], "10": [3.2616670915705437, 3.707969226363447], "11": [1.730603198887161, 1.6308335457852718], "12": [1.0, 0.8154167728926359], "13": [1.0, 0.5]}