{"0": [152.72099652901866], "1": [83.90174454950359, 76.36049826450933], "2": [61.2597566623894, 38.180249132254666], "3": [43.78829753481049, 19.090124566127333], "4": [21.687878846196707, 9.545062283063666], "5": [7.926820108365323, 4.772531141531833], "6": [2.512874846171304, 2.3862655707659166], "7": [1.3791938776179826, 1.1931327853829583], "8": [1.0, 0.5965663926914792], "9": [1.0, 0.5]}