{"0": [5339.869696802357], "1": [2889.6482373674767, 2669.9348484011784], "2": [2152.6869161282916, 1334.9674242005892], "3": [1536.9401537306574, 667.4837121002946], "4": [950.942314753585, 333.7418560501473], "5": [312.07654292853624, 166.87092802507365], "6": [114.7562219853738, 83.43546401253683], "7": [48.696245501285794, 41.71773200626841], "8": [20.32675272348015, 20.858866003134207], "9": [9.607731195002989, 10.163376361740076], "10": [4.381580774036951, 4.8038655975014946], "11": [1.8437615901682147, 2.1907903870184753], "12": [1.0, 0.9218807950841074], "13": [1.0, 0.5]}