{"0": 2020.9987689526463, "1": 2435.797726602888, "2": 2477.4427477269396, "3": 2477.4427477269396, "4": 2480.888157381635, "5": 2482.0477394040713, "6": 2482.6238330141446, "7": 2482.7309943179307, "8": 2482.7309943179307, "9": 2482.7309943179307, "10": 2482.7309943179307, "11": 2482.7361620257234, "12": 2482.738202903843, "13": 2482.738202903843, "14": 2482.738202903843, "15": 2482.738202903843}