{"0": 627.1198022449335, "1": 671.410756631195, "2": 671.410756631195, "3": 671.9652195038614, "4": 672.1450064754235, "5": 672.3847785000828, "6": 672.4335740754768, "7": 672.4803753866338, "8": 672.4828385702524, "9": 672.4828385702524, "10": 672.4828385702524, "11": 672.4828385702524, "12": 672.4842031592418}