{"0": [767.3460767719783], "1": [247.4350829751191, 383.6730383859892], "2": [162.41056000730964, 123.71754148755954], "3": [105.73364696923875, 61.85877074377977], "4": [52.656128839437486, 30.929385371889886], "5": [19.660296457387183, 15.464692685944943], "6": [9.103520421629776, 7.7323463429724715], "7": [3.9183367399042806, 3.8661731714862357], "8": [1.7126777068710701, 1.9330865857431179], "9": [1.0, 0.8563388534355351], "10": [1.0, 0.5]}