{"0": [52.163067690595796], "1": [31.665292044340685, 26.081533845297898], "2": [23.4951416186874, 13.040766922648949], "3": [17.861843692311872, 6.520383461324474], "4": [10.828653398912317, 3.260191730662237], "5": [3.6251385756245655, 1.6300958653311186], "6": [1.156666045433112, 0.8150479326655593], "7": [1.0, 0.5]}