{"0": [65.45148164183233], "1": [45.43522496458831, 32.725740820916165], "2": [36.08720084503261, 16.362870410458083], "3": [30.29747040326556, 8.181435205229041], "4": [23.858128023677654, 4.090717602614521], "5": [15.916392765704865, 2.0453588013072603]}