{"0": 17.162239850817134, "1": 17.230201805866578}