{"0": 225.88285180800963, "1": 228.37669496389805, "2": 233.30270371007597, "3": 233.51300596504055, "4": 233.51300596504055, "5": 233.92645363523727, "6": 233.92645363523727, "7": 233.92645363523727, "8": 233.92645363523727, "9": 233.92645363523727, "10": 233.9341740152412}