{"0": 96.56627474604605, "1": 96.56627474604605, "2": 96.56627474604605, "3": 96.56627474604605, "4": 96.56627474604605, "5": 96.56627474604605}