{"0": [2549.404341583341], "1": [902.3749286800733, 1274.7021707916706], "2": [500.45304532770115, 451.1874643400366], "3": [446.27042891183004, 225.5937321700183], "4": [215.26062787441185, 112.79686608500916], "5": [78.18460135904095, 56.39843304250458], "6": [29.49312231655337, 28.19921652125229], "7": [13.612802574299206, 14.099608260626145], "8": [5.620883561651959, 6.806401287149603], "9": [2.6538501288995913, 2.8104417808259794], "10": [1.2980351096161131, 1.3269250644497956], "11": [1.0, 0.6490175548080566], "12": [1.0, 0.5]}