{"0": 16.181157507441462, "1": 17.227929768846067}