{"0": 3.1325709016143612, "1": 3.99786635562619, "2": 4.2782219593063635, "3": 4.3525892933463775, "4": 4.3525892933463775, "5": 4.355746625969378, "6": 4.355746625969378}