{"0": 26.962252385777433, "1": 27.594495858858657}