{"0": 9.388900467365094, "1": 9.388900467365094, "2": 9.388900467365094, "3": 9.448655035951463, "4": 9.50162690225716, "5": 9.566818535516118}