{"0": 32.18875824868201, "1": 32.18875824868201, "2": 32.18875824868201, "3": 32.18875824868201, "4": 32.18875824868201, "5": 32.18875824868201}