{"0": [11.827208785226714], "1": [5.8887122702351125, 5.913604392613357], "2": [3.848090962339544, 2.9443561351175562], "3": [2.68485830100556, 1.4721780675587781], "4": [2.216820837674567, 0.7360890337793891], "5": [2.1142726245970804, 0.5]}