{"0": [5197.194539761182], "1": [2673.5885214921277, 2598.597269880591], "2": [2249.9517813035295, 1299.2986349402954], "3": [1539.4339238581185, 649.6493174701477], "4": [948.0627439604108, 324.82465873507385], "5": [391.0603993123446, 162.41232936753693], "6": [112.49300571601471, 81.20616468376846], "7": [48.48728486287112, 40.60308234188423], "8": [19.41192085244347, 20.301541170942116], "9": [9.257577666435862, 9.705960426221734], "10": [4.595379959168783, 4.628788833217931], "11": [2.080463801675596, 2.2976899795843915], "12": [1.0, 1.040231900837798], "13": [1.0, 0.5]}