{"0": 9.656627474604601, "1": 9.656627474604601, "2": 9.656627474604601, "3": 9.656627474604601, "4": 9.656627474604601, "5": 9.656627474604601}