{"0": [54.4492248828866], "1": [17.685651913770723, 27.2246124414433], "2": [11.717702192394812, 8.842825956885362], "3": [9.515186188273352, 4.421412978442681], "4": [8.108990548481083, 2.2107064892213404], "5": [6.988934241915087, 1.1053532446106702], "6": [6.297887471018667, 0.5526766223053351], "7": [6.275994067633202, 0.5]}