{"0": 61.98838028933878, "1": 62.70150228918875}