{"0": [8517.594825516771], "1": [2529.0627515587744, 4258.797412758386], "2": [1721.5107853202, 1264.5313757793872], "3": [1154.4443911525414, 632.2656878896936], "4": [725.5931582499587, 316.1328439448468], "5": [382.5156470974046, 158.0664219724234], "6": [259.0472830652209, 79.0332109862117], "7": [190.67938457955685, 39.51660549310585], "8": [164.09675446319605, 19.758302746552925]}