{"0": 241.50165725400322, "1": 242.98105959495888}