{"0": 3.750042390831129, "1": 4.34988629637606}