{"0": 72.34414070693319, "1": 72.83846665902243}