{"0": 670.8155340785993, "1": 739.849564060567}