{"0": 8.324803376536197, "1": 8.504714928219908}