{"0": 3218.8758248681997, "1": 3218.8758248681997, "2": 3218.8758248681997, "3": 3218.8758248681997, "4": 3218.8758248681997, "5": 3218.8758248681997}