{"0": [153.9052906433943], "1": [79.5952860134724, 76.95264532169715]}