{"0": 2055.800989300591, "1": 2212.216857878907}