{"0": 201.23711608713035, "1": 216.15114754014496, "2": 217.12996056636302, "3": 217.12996056636302, "4": 217.12996056636302, "5": 217.176478203967, "6": 217.176478203967, "7": 217.17819198274853, "8": 217.18932345079435, "9": 217.18932345079435, "10": 217.19190271060597, "11": 217.2009370642339}