{"0": 20.760549635030287, "1": 20.760549635030287, "2": 21.060075086565906, "3": 21.07769730944872, "4": 21.180341823105373, "5": 21.180341823105373, "6": 21.180341823105373, "7": 21.181522091950264}