{"0": [1515.6599817174497], "1": [847.0218651444989, 757.8299908587248], "2": [560.3975715720004, 378.9149954293624], "3": [429.76065466736094, 189.4574977146812], "4": [252.84238563162353, 94.7287488573406], "5": [111.25057315920864, 47.3643744286703], "6": [35.35552077256669, 23.68218721433515], "7": [14.947915622258117, 11.841093607167576], "8": [7.995947193877445, 5.920546803583788], "9": [3.3253538511156298, 2.960273401791894], "10": [1.6877357269258448, 1.480136700895947], "11": [1.0, 0.7400683504479735], "12": [1.0, 0.5]}