{"0": 26.819989119156546, "1": 27.59395612944767}