{"0": 24.48882134004731, "1": 25.557472385399315, "2": 26.07556407136633, "3": 26.33263820896206, "4": 26.464236179280178}