{"0": [830.2990593604671], "1": [287.32694849933915, 415.14952968023357], "2": [170.81780933109266, 143.66347424966958], "3": [132.63028483347017, 71.83173712483479], "4": [82.43761363455124, 35.915868562417394], "5": [44.014828271153235, 17.957934281208697], "6": [27.92403780054482, 8.978967140604349], "7": [21.582825587989245, 4.489483570302174], "8": [17.962223893150885, 2.244741785151087]}