{"0": 68.01971918866033, "1": 70.51438227800182, "2": 72.68045147589027, "3": 72.76789853003362, "4": 72.8003032541511, "5": 72.81554289098246, "6": 72.83609115284582, "7": 72.83609115284582, "8": 72.8382166069884, "9": 72.83986552485094, "10": 72.84053175687629}