{"0": [218.5124610412517], "1": [75.28737239595523, 109.25623052062585], "2": [43.90689203481943, 37.643686197977615], "3": [30.813040718553733, 18.821843098988808], "4": [17.658928859811404, 9.410921549494404], "5": [6.794904207268047, 4.705460774747202], "6": [2.4954908240145217, 2.352730387373601], "7": [1.2680741774904392, 1.1763651936868005], "8": [1.0, 0.5881825968434002], "9": [1.0, 0.5]}