{"0": [11.032312467186175], "1": [5.467747501267196, 5.516156233593088], "2": [4.858813178266364, 2.733873750633598], "3": [3.8037967530679326, 1.366936875316799], "4": [3.0367702669027286, 0.6834684376583995], "5": [2.958195779425464, 0.5]}