{"0": [134.76024252433996], "1": [42.63798754531625, 67.38012126216998], "2": [26.33913556923618, 21.318993772658125], "3": [17.98776529812162, 10.659496886329062], "4": [12.483312075021171, 5.329748443164531], "5": [5.899105209968917, 2.6648742215822656], "6": [2.410834794892018, 1.3324371107911328], "7": [1.441447817768488, 0.6662185553955664], "8": [1.2730154126403503, 0.5]}