{"0": 2211.008426625667, "1": 2211.008426625667, "2": 2213.699467303365, "3": 2213.699467303365, "4": 2213.699467303365, "5": 2214.062467131732, "6": 2215.341882697473, "7": 2215.341882697473, "8": 2215.3477334963795, "9": 2215.357711805791, "10": 2215.3618461915594, "11": 2215.3658082240904, "12": 2215.3669773206893, "13": 2215.369365291004}