{"0": 6.480947030623482, "1": 7.951868272258347}