{"0": [1940.1072586971216], "1": [1274.1032362216167, 970.0536293485608], "2": [963.1033141495319, 485.0268146742804], "3": [778.5113356300682, 242.5134073371402], "4": [614.945128819816, 121.2567036685701], "5": [445.4701329182171, 60.62835183428505]}