{"0": 19.35954525093419, "1": 21.147840667050637}