{"0": 142.60641691781333, "1": 152.33583199912377}