{"0": 147.77512935370873, "1": 147.77512935370873, "2": 152.10087139661297, "3": 152.1824521283113, "4": 152.1824521283113, "5": 152.31313315612582, "6": 152.33719078744198, "7": 152.34395060676812, "8": 152.34395060676812, "9": 152.34395060676812, "10": 152.34475470710007, "11": 152.34506080684264}