{"0": [252.60459208419098], "1": [76.53343063559132, 126.30229604209549], "2": [47.300157924642384, 38.26671531779566], "3": [35.012270976890704, 19.13335765889783], "4": [19.905609494756845, 9.566678829448914], "5": [9.730382368780734, 4.783339414724457], "6": [5.608102220757921, 2.3916697073622286], "7": [3.837204844080428, 1.1958348536811143], "8": [2.941034886679187, 0.5979174268405572], "9": [2.6625522027148176, 0.5]}