{"0": [6489.715773964704], "1": [4274.538829507964, 3244.857886982352], "2": [3480.2234216773295, 1622.428943491176], "3": [2631.1098067715825, 811.214471745588], "4": [2030.1704338816467, 405.607235872794], "5": [1462.738848318956, 202.803617936397]}