{"0": 299.3084472223473, "1": 299.3084472223473, "2": 299.3084472223473, "3": 299.3084472223473, "4": 299.3084472223473, "5": 299.3084472223473, "6": 299.3084472223473, "7": 299.3084472223473, "8": 299.3084472223473}