{"0": 2125.793006895144, "1": 2179.725700052506, "2": 2183.330272785479, "3": 2206.9500606865818, "4": 2210.8358355414457, "5": 2212.130717242605, "6": 2212.376803719461, "7": 2212.376803719461, "8": 2212.376803719461, "9": 2212.376803719461, "10": 2212.376803719461, "11": 2212.3800702277817, "12": 2212.382536800521, "13": 2212.382536800521}