{"0": 218.5356061899986, "1": 238.54446094034148, "2": 242.64560273301805, "3": 242.64560273301805, "4": 242.86181476230536, "5": 242.86181476230536, "6": 242.95044462517902, "7": 242.98147381416607, "8": 242.98199609673816, "9": 242.98199609673816, "10": 242.98447307716643, "11": 242.98513569974466, "12": 242.98513569974466}