{"0": 605.6292829832763, "1": 734.2607252701721, "2": 738.7013136700624, "3": 738.7013136700624, "4": 738.7013136700624, "5": 739.4477140813551, "6": 739.6631647352735, "7": 739.7903154915816, "8": 739.8673256348754, "9": 739.8673256348754, "10": 739.8712820239252, "11": 739.8712820239252, "12": 739.8712883256467, "13": 739.8717045143768}