{"0": [1507.0789412956096], "1": [436.63806556930456, 753.5394706478048], "2": [245.7200970587917, 218.31903278465228], "3": [184.6665028238633, 109.15951639232614], "4": [86.55578753530172, 54.57975819616307], "5": [39.63865472307578, 27.289879098081535], "6": [13.994096312134198, 13.644939549040767], "7": [7.004351791559569, 6.822469774520384], "8": [3.332367273133847, 3.411234887260192], "9": [1.531330015262368, 1.6661836365669236], "10": [1.0, 0.765665007631184], "11": [1.0, 0.5]}