{"0": [1438.2248010970611], "1": [493.22908406278003, 719.1124005485306], "2": [275.93773971653604, 246.61454203139002], "3": [217.92150027272822, 123.30727101569501], "4": [140.41102492072508, 61.653635507847504], "5": [75.23858514950241, 30.826817753923752], "6": [45.81747651311035, 15.413408876961876], "7": [34.60544452865766, 7.706704438480938], "8": [29.29077760130715, 3.853352219240469]}