{"0": 17.048855818532047, "1": 17.21599135210358, "2": 17.21599135210358, "3": 17.21599135210358, "4": 17.217746515661062, "5": 17.227052334458847, "6": 17.227052334458847, "7": 17.22979856986986, "8": 17.230460211749318}