{"0": 17.958506833340838, "1": 17.958506833340838, "2": 17.958506833340838, "3": 17.958506833340838, "4": 17.958506833340838, "5": 17.958506833340838, "6": 17.958506833340838, "7": 17.958506833340838, "8": 17.958506833340838}