{"0": 144.87227509650478, "1": 152.31322681843534}