{"0": 61.29115315584002, "1": 61.29115315584002, "2": 61.808713982496386, "3": 62.24179551539852, "4": 62.35180870353128, "5": 62.37428250888243, "6": 62.38200168125678, "7": 62.38200168125678, "8": 62.382141076574136, "9": 62.38451594763281}