{"0": [50.33164606235437], "1": [25.50875987616283, 25.165823031177187], "2": [19.664954965413088, 12.582911515588593], "3": [13.779079169004252, 6.291455757794297]}