{"0": 89.7925341667042, "1": 89.7925341667042, "2": 89.7925341667042, "3": 89.7925341667042, "4": 89.7925341667042, "5": 89.7925341667042, "6": 89.7925341667042, "7": 89.7925341667042, "8": 89.7925341667042}