{"0": 60.38156838386948, "1": 62.362026464797225}