{"0": 321.8875824868199, "1": 321.8875824868199, "2": 321.8875824868199, "3": 321.8875824868199, "4": 321.8875824868199, "5": 321.8875824868199, "6": 321.8875824868199}