{"0": 27.466182951310003, "1": 27.466182951310003, "2": 27.466182951310003, "3": 27.593439562778755, "4": 27.593439562778755, "5": 27.593439562778755, "6": 27.594307560094112, "7": 27.59454836885582, "8": 27.59454836885582, "9": 27.594747040682915}