{"0": 654.8728821102588, "1": 739.7832196751227}