{"0": [47.96909220921619], "1": [8.751781559046716, 23.984546104608096], "2": [5.007345299052888, 4.375890779523358], "3": [3.7089570663764078, 2.187945389761679], "4": [2.8646218549138918, 1.0939726948808395], "5": [2.2036387856263056, 0.5469863474404197], "6": [1.9937286399490626, 0.5]}