{"0": [523.4153462518893], "1": [280.07736114881055, 261.70767312594467], "2": [202.4665812770715, 130.85383656297233], "3": [144.28723968037684, 65.42691828148617], "4": [91.1509234031841, 32.71345914074308], "5": [31.96807765172222, 16.35672957037154], "6": [11.529031982536132, 8.17836478518577], "7": [4.705210999678175, 4.089182392592885], "8": [2.312480275157434, 2.0445911962964427], "9": [1.175847063797049, 1.0222955981482214], "10": [1.0, 0.5111477990741107], "11": [1.0, 0.5]}