{"0": 965.66274746046, "1": 965.66274746046, "2": 965.66274746046, "3": 965.66274746046, "4": 965.66274746046, "5": 965.66274746046}