{"0": 7.199406098003491, "1": 7.303598855227944, "2": 7.968601423900323, "3": 7.968601423900323, "4": 7.979309133315207, "5": 7.979309133315207}