{"0": 179.58506833340837, "1": 179.58506833340837, "2": 179.58506833340837, "3": 179.58506833340837, "4": 179.58506833340837, "5": 179.58506833340837, "6": 179.58506833340837, "7": 179.58506833340837, "8": 179.58506833340837}