{"0": [24036.989932751247], "1": [7923.241072630006, 12018.494966375623], "2": [4606.559428642215, 3961.620536315003], "3": [3015.3466347567482, 1980.8102681575015], "4": [1615.1748112579523, 990.4051340787507], "5": [732.9863803628875, 495.20256703937537], "6": [271.3312256841556, 247.60128351968768], "7": [116.18201536990978, 123.80064175984384], "8": [58.588007219750764, 58.09100768495489], "9": [27.55104266761902, 29.045503842477444], "10": [12.628263153731135, 13.77552133380951], "11": [5.793536075688756, 6.3141315768655675], "12": [2.931660528980721, 2.896768037844378], "13": [1.3929375940599127, 1.448384018922189], "14": [1.0, 0.6964687970299563], "15": [1.0, 0.5]}