{"0": [14.389904330932373], "1": [9.072244516100161, 7.194952165466186], "2": [7.1929601533296275, 3.597476082733093], "3": [5.570210603928148, 1.7987380413665466], "4": [4.713681632201261, 0.8993690206832733], "5": [4.29507243822726, 0.5]}