{"0": -68.1698293525266, "1": 36.589727942097234, "2": 36.589727942097234, "3": 37.24418878225864, "4": 42.523979091082495, "5": 43.53411358635672, "6": 43.53411358635672, "7": 43.64623714934045, "8": 43.8326959838318, "9": 43.8326959838318, "10": 43.8326959838318, "11": 43.835380423793026, "12": 43.8357254737706, "13": 43.83608101466282, "14": 43.836356685483985, "15": 43.836356685483985}