{"0": [16.160139861538422], "1": [6.460443375751384, 8.080069930769211], "2": [4.381719704056466, 3.230221687875692], "3": [3.2374343770655605, 1.615110843937846], "4": [1.2676008839120436, 0.807555421968923], "5": [1.0, 0.5]}