{"0": [260.99595843376403], "1": [81.96156683793124, 130.49797921688202], "2": [49.49032481346945, 40.98078341896562], "3": [33.87201386745154, 20.49039170948281], "4": [19.550385487087542, 10.245195854741405], "5": [6.944432151307471, 5.122597927370703], "6": [2.8316225491182294, 2.5612989636853514], "7": [1.257443542438448, 1.2806494818426757], "8": [1.0, 0.628721771219224], "9": [2.755759726139458, 0.5]}