{"0": [1.954402766460444], "1": [1.1125758742775522, 0.977201383230222], "2": [1.0, 0.5]}