{"0": 0.24415781499320288, "1": 0.2540731153793576, "2": 0.2606438822980559}