{"0": 23.555095055911444, "1": 24.62639605524665, "2": 27.952530443316256, "3": 28.399582402435605, "4": 28.399582402435605, "5": 28.56758976348473, "6": 28.60521452177493, "7": 28.60521452177493, "8": 28.60521452177493, "9": 28.60521452177493, "10": 28.60521452177493, "11": 28.60521452177493}