{"0": [989.2590630660497], "1": [370.3450309225312, 494.6295315330249], "2": [219.56678433910946, 185.1725154612656], "3": [151.30084798644472, 92.5862577306328], "4": [88.47619648216364, 46.2931288653164], "5": [31.023523058860214, 23.1465644326582], "6": [10.976436025627871, 11.5732822163291], "7": [5.919246895424897, 5.4882180128139355], "8": [2.7825375396899767, 2.7441090064069678], "9": [1.3707501024031357, 1.3720545032034839], "10": [1.0, 0.6853750512015678], "11": [1.0, 0.5]}