{"0": 5.373569480294069, "1": 5.4112271480079475, "2": 5.4112271480079475, "3": 5.411999316179122}