{"0": [3.4245689117677482], "1": [1.375811916677306, 1.7122844558838741], "2": [1.0, 0.687905958338653], "3": [1.0, 0.5]}