{"0": 10.537146000860453, "1": 10.557839486796855, "2": 10.6061634201855, "3": 10.607162451797883, "4": 10.610745282337069, "5": 10.61149660004459}