{"0": [4065.6380225797375], "1": [1202.1845542222522, 2032.8190112898687], "2": [738.5584501231805, 601.0922771111261], "3": [470.1403385551561, 300.54613855556306], "4": [285.25327805827294, 150.27306927778153], "5": [98.06534252387247, 75.13653463889077], "6": [41.99174212180966, 37.56826731944538], "7": [19.45993046526166, 18.78413365972269], "8": [8.98600656153165, 9.392066829861346], "9": [4.432074816717319, 4.493003280765825], "10": [1.945382912253088, 2.2160374083586594], "11": [1.0, 0.972691456126544], "12": [1.0, 0.5]}