{"0": 23.386529502316684, "1": 24.367733339289508, "2": 24.490832581868812, "3": 24.51937532042119, "4": 24.520309691526187, "5": 24.520309691526187, "6": 24.521289512041452, "7": 24.521289512041452, "8": 24.52148543595485, "9": 24.521660467915293}