{"0": 19.38378500274353, "1": 19.57842034098832, "2": 19.67239684552343, "3": 19.67239684552343, "4": 19.678769263096633, "5": 19.678769263096633, "6": 19.679116788886567, "7": 19.679116788886567}