{"0": [51.61517410383387], "1": [17.201229458690037, 25.807587051916936], "2": [11.085329165983516, 8.600614729345018], "3": [7.000181593743684, 4.300307364672509], "4": [4.173528375634323, 2.1501536823362546], "5": [1.3227964454743304, 1.0750768411681273], "6": [1.0, 0.5375384205840636], "7": [1.0, 0.5]}