{"0": [16153.434114777807], "1": [4828.461677790402, 8076.717057388903], "2": [2747.065936168201, 2414.230838895201], "3": [2026.1037604306632, 1207.1154194476005], "4": [1009.9710205343397, 603.5577097238003], "5": [455.7565921749203, 301.77885486190013], "6": [169.87194963919012, 150.88942743095006], "7": [70.37441119532528, 75.44471371547503], "8": [36.44097577577425, 35.18720559766264], "9": [18.316660624423683, 17.59360279883132], "10": [8.973745841388624, 8.79680139941566], "11": [4.532499671202229, 4.39840069970783], "12": [2.1950069891431108, 2.199200349853915], "13": [1.001256197175621, 1.0975034945715554], "14": [1.0, 0.5006280985878105], "15": [1.0, 0.5]}