{"0": 1.7385153698308642, "1": 28.294385662383895, "2": 37.76846897917427, "3": 37.76846897917427, "4": 38.03879961385668, "5": 38.03879961385668, "6": 38.03879961385668, "7": 38.052665468823335, "8": 38.052665468823335, "9": 38.052665468823335, "10": 38.052665468823335, "11": 38.05322472268837, "12": 38.05322472268837}