{"0": [6921.814953786857], "1": [2301.870252735124, 3460.9074768934283], "2": [1452.721850397874, 1150.935126367562], "3": [886.7455968339744, 575.467563183781], "4": [462.59193801714054, 287.7337815918905], "5": [189.5888440182581, 143.86689079594524], "6": [74.90216200250734, 71.93344539797262], "7": [39.741834576846685, 35.96672269898631], "8": [17.378080211706934, 17.983361349493155], "9": [9.646621458633732, 8.689040105853467], "10": [3.8703402747863316, 4.344520052926733], "11": [1.7963180377115415, 1.9351701373931658], "12": [1.0, 0.8981590188557708], "13": [1.0, 0.5]}