{"0": [38.839564564254125], "1": [9.362198310419389, 19.419782282127063], "2": [5.024496959284644, 4.6810991552096946], "3": [3.976290903396143, 2.3405495776048473], "4": [3.2717612344570175, 1.1702747888024236], "5": [2.1854407376229528, 0.5851373944012118], "6": [2.0551227877752054, 0.5]}