{"0": [223.91934138397502], "1": [60.376113366235806, 111.95967069198751], "2": [33.66993905336201, 30.188056683117903], "3": [21.16551858822094, 15.094028341558952], "4": [13.088676097267856, 7.547014170779476], "5": [5.0332392919311495, 3.773507085389738], "6": [2.2286448640535603, 1.886753542694869], "7": [1.0013715107986232, 0.9433767713474345], "8": [1.0, 0.5]}