{"0": [728.6598266513555], "1": [253.4906765903433, 364.32991332567775], "2": [144.78226315121086, 126.74533829517165], "3": [103.29826601207037, 63.372669147585825], "4": [47.78109634908089, 31.686334573792912], "5": [19.684032434481892, 15.843167286896456], "6": [8.702750410963313, 7.921583643448228], "7": [4.346142710248232, 3.960791821724114], "8": [1.9046191647122708, 1.980395910862057], "9": [1.0, 0.9523095823561354], "10": [1.0, 0.5]}