{"0": 65.97977325417048, "1": 66.63041038864067, "2": 66.63041038864067, "3": 66.96482276532696, "4": 67.047602794611, "5": 67.16685206942756, "6": 67.16931579514456, "7": 67.17082009618048, "8": 67.17082009618048, "9": 67.17082009618048, "10": 67.17082009618048}