{"0": [2474.2255005258326], "1": [751.8269617715272, 1237.1127502629163], "2": [470.08144393040163, 375.9134808857636], "3": [310.45292971360914, 187.9567404428818], "4": [162.9918257112512, 93.9783702214409], "5": [62.02207719450767, 46.98918511072045], "6": [26.95648354436905, 23.494592555360224], "7": [11.260985479206143, 11.747296277680112], "8": [5.635455381398143, 5.6304927396030715], "9": [2.7248465620972055, 2.8152463698015358], "10": [1.3026932142378207, 1.3624232810486028], "11": [1.0, 0.6513466071189103], "12": [1.0, 0.5]}