{"0": 179.26162581093527, "1": 242.85159199931655, "2": 251.36440349628577, "3": 251.36440349628577, "4": 251.82711667777673, "5": 251.86786537071634, "6": 251.90575067248955, "7": 251.90575067248955, "8": 251.93141752112746, "9": 251.93141752112746, "10": 251.93141752112746, "11": 251.93333140926404, "12": 251.93395958595704}