{"0": 6.410247956207172, "1": 6.433373406865394}