{"0": 5.383951701370325, "1": 6.402156171828014, "2": 6.402156171828014, "3": 6.424508356811174, "4": 6.4264968981280175, "5": 6.437091966663802, "6": 6.437091966663802}