{"0": 599.5766808320617, "1": 753.9793741113438, "2": 753.9793741113438, "3": 756.9661225816834, "4": 757.608815112479, "5": 757.9612118830815, "6": 758.005033987378, "7": 758.2628472499897, "8": 758.2628472499897, "9": 758.2628472499897, "10": 758.2687539438193, "11": 758.2689114110245, "12": 758.2700541640063, "13": 758.2700541640063}