{"0": 27.198588475673663, "1": 27.673863406503216, "2": 27.90482460117394, "3": 27.907143607266594, "4": 27.91124855532043, "5": 27.920716923974418, "6": 27.920716923974418, "7": 27.920716923974418, "8": 27.92151953361089}