{"0": 2214.710884202635, "1": 2448.126423496087, "2": 2448.126423496087, "3": 2469.3493673812745, "4": 2472.0646394006217, "5": 2472.0646394006217, "6": 2472.4647406360023, "7": 2472.868991187575, "8": 2473.123261061219, "9": 2473.123261061219, "10": 2473.123261061219, "11": 2473.123261061219, "12": 2473.123261061219, "13": 2473.123261061219, "14": 2473.123261061219, "15": 2473.123939755705}