{"0": [28471.749609036815], "1": [8888.323732002116, 14235.874804518407], "2": [5150.422606293485, 4444.161866001058], "3": [3341.0775229707947, 2222.080933000529], "4": [1995.5940489688194, 1111.0404665002645], "5": [808.771994623006, 555.5202332501323], "6": [306.9364462428723, 277.76011662506613], "7": [132.7287628584674, 138.88005831253307], "8": [63.00722846127268, 66.3643814292337], "9": [32.119420943689164, 31.50361423063634], "10": [14.901904998157956, 15.75180711531817], "11": [7.017822239533686, 7.450952499078978], "12": [3.106984655160314, 3.508911119766843], "13": [1.4921839586322516, 1.553492327580157], "14": [1.0, 0.7460919793161258], "15": [1.0, 0.5]}