{"0": 61.92087661744243, "1": 67.15931565893011}