{"0": 27.253468990408777, "1": 27.920816121667112}