{"0": 6.2303812210479546, "1": 6.2303812210479546, "2": 6.2303812210479546, "3": 6.2303812210479546, "4": 6.2303812210479546}