{"0": [1826.9562042303337], "1": [1811.7275579557718, 913.4781021151668], "2": [1773.5987236621804, 456.7390510575834], "3": [1778.7995197345122, 228.3695255287917], "4": [1685.7456320103079, 114.18476276439586]}