{"0": [89.77816613150567], "1": [78.78402990119841, 44.889083065752835], "2": [67.7232775533778, 22.444541532876418], "3": [50.52824941485628, 11.222270766438209], "4": [33.90959379722023, 5.611135383219104], "5": [26.63700206858808, 2.805567691609552], "6": [24.12173789963193, 1.402783845804776]}