{"0": [11.035956147301704], "1": [8.270513853392115, 5.517978073650852], "2": [7.465542891595319, 2.758989036825426], "3": [5.835147003753775, 1.379494518412713], "4": [6.554064728823808, 0.6897472592063565], "5": [6.300520449643725, 0.5]}