{"0": 5.894217625329564, "1": 5.901028773574396, "2": 5.901960346438297, "3": 5.901960346438297, "4": 5.901960346438297}