{"0": 160.96396927234426, "1": 161.28607496241062, "2": 161.31130004856453, "3": 161.32892848792022, "4": 161.33933690204822, "5": 161.33933690204822, "6": 161.34001393843687, "7": 161.34001393843687, "8": 161.34224008569657, "9": 161.34242565840964}