{"0": 19.554041524010803, "1": 19.554041524010803, "2": 19.635745979917953, "3": 19.635745979917953, "4": 19.67872049596867, "5": 19.67872049596867}