{"0": [5.168418529083969], "1": [3.890648237152878, 2.5842092645419843], "2": [3.3664505727239726, 1.2921046322709921], "3": [2.928470299849566, 0.6460523161354961], "4": [3.0579851719872093, 0.5]}