{"0": 853.6068824689701, "1": 1038.4528214744712, "2": 1082.6203027574786, "3": 1324.085733524727, "4": 1418.0823736495781}