{"0": -127.07978599581843, "1": -77.92017730579495, "2": -54.07142792514631, "3": -43.92809162631207, "4": -43.92809162631207, "5": -43.92809162631207, "6": -43.92809162631207, "7": -43.92809162631207, "8": -43.92809162631207, "9": -43.92809162631207, "10": -33.817030421878336, "11": -29.675830117843432, "12": -23.686067936419555, "13": -20.662769879978104, "14": -18.647612197258027, "15": -17.005464436290694}