{"0": -109.6965123107338, "1": -109.6965123107338, "2": -89.16290836860321, "3": -87.48411757898053, "4": -37.181037313524136, "5": -23.803450932736215, "6": -23.803450932736215, "7": -23.803450932736215, "8": -21.815879258662388, "9": -20.386049732097224, "10": -18.49773481835613, "11": -17.663220845178458, "12": -17.663220845178458, "13": -17.00489285738033}