{"0": -26.414450632557486, "1": -25.636969000963838, "2": -24.481451151985095, "3": -24.18843287346189, "4": -23.76889833778416, "5": -21.6852459237188, "6": -21.6852459237188, "7": -21.6852459237188, "8": -21.077489226325593, "9": -20.732523753354684, "10": -20.69857085171219}