{"0": -32.99030200201238, "1": -32.26326780645509, "2": -30.005851678004515, "3": -28.928973435174253, "4": -28.928973435174253, "5": -28.928973435174253, "6": -27.944251761677247, "7": -25.3674450943185, "8": -25.3674450943185, "9": -24.772796041772953, "10": -24.772796041772953, "11": -24.772796041772953, "12": -24.171543726259806, "13": -23.997464926646153, "14": -23.387896261135637, "15": -22.517296859650067}