{"0": -34.688721729761106, "1": -32.471452552805765, "2": -32.471452552805765, "3": -32.471452552805765, "4": -30.71245162689495, "5": -24.488673112198825, "6": -22.58779305700303, "7": -21.497458312567733, "8": -20.03383454119962, "9": -19.4523873523354}