{"0": -34.42066013109168, "1": -33.09300722984018, "2": -28.537207323600732, "3": -28.235201696583584, "4": -28.235201696583584, "5": -27.623503653991264, "6": -25.65003487752252, "7": -24.707960547111842, "8": -23.328308948079716, "9": -22.67033660116488}