{"0": -75.70535404678688, "1": -75.70535404678688, "2": -75.70535404678688, "3": -73.00640431981162, "4": -71.25731320580135, "5": -70.75854450551657, "6": -69.08008951637956, "7": -68.30720912335288, "8": -66.02010080802302}