{"0": [111.87029031735015], "1": [22.308347328981608, 55.93514515867508], "2": [12.61191752649491, 11.154173664490804], "3": [9.81628601768585, 5.577086832245402], "4": [8.113639313021, 2.788543416122701], "5": [7.598866962804641, 1.3942717080613505], "6": [7.474058140159047, 0.6971358540306752], "7": [7.952743112574098, 0.5]}