{"0": [1825.088545157015], "1": [360.78434132708367, 912.5442725785075], "2": [177.07988786222685, 180.39217066354183], "3": [125.22278567286142, 88.53994393111343], "4": [102.73418092492687, 44.269971965556714], "5": [89.24552293853118, 22.134985982778357], "6": [87.75158599505625, 11.067492991389178], "7": [101.94658687072067, 5.533746495694589], "8": [115.45391346537022, 2.7668732478472946]}