{"0": [29.24425076033175], "1": [7.346130663635915, 14.622125380165874], "2": [4.5704545406054775, 3.6730653318179574], "3": [3.9041292181506657, 1.8365326659089787], "4": [3.2005861545932697, 0.9182663329544893], "5": [3.2806210017897697, 0.5]}