{"0": [956.0795714435975], "1": [190.25418927426475, 478.03978572179875], "2": [70.9660715784713, 95.12709463713237], "3": [46.61338370964546, 35.48303578923565], "4": [34.66493760524428, 17.741517894617825], "5": [30.601116170480807, 8.870758947308913], "6": [29.930490175249666, 4.435379473654456], "7": [28.319517061530536, 2.217689736827228], "8": [30.420666148712677, 1.108844868413614], "9": [31.653242016287386, 0.554422434206807], "10": [30.765205364935223, 0.5]}