{"0": [277.11868817485487], "1": [64.67273787850537, 138.55934408742743], "2": [34.96061036647948, 32.33636893925269], "3": [30.87086667512371, 16.168184469626343], "4": [28.33143542745082, 8.084092234813172], "5": [25.412497170595937, 4.042046117406586], "6": [24.81367390582521, 2.021023058703293], "7": [23.51829130007419, 1.0105115293516465], "8": [25.35732189230062, 0.7578836470137349]}