{"0": -85.61229934401743, "1": -59.84715353925422, "2": -47.28646324077975, "3": -41.44368064865563, "4": -36.705670758559954, "5": -36.705670758559954, "6": -35.461713986714145, "7": -35.461713986714145, "8": -26.09091213138631, "9": -26.09091213138631, "10": -26.09091213138631, "11": -26.09091213138631, "12": -23.86170102873374, "13": -23.86170102873374, "14": -20.296586654006184}