{"0": [2055.356434282182], "1": [494.95459281819944, 1027.678217141091], "2": [263.1748766686096, 247.47729640909972], "3": [184.56960376717277, 123.73864820454986], "4": [157.75839080411396, 61.86932410227493], "5": [140.75525035685519, 30.934662051137465], "6": [174.22457285372445, 15.467331025568733], "7": [254.75345602192021, 7.733665512784366], "8": [5528.500079694301, 3.866832756392183], "9": [2.688117141816135e+43, 1.9334163781960916]}