{"0": -390.2648563610562, "1": -385.9380038520255, "2": -376.462611441087, "3": -371.1667488812571, "4": -371.1667488812571, "5": -365.5352415266421, "6": -364.5332097777582, "7": -359.33539946366, "8": -356.8880140477034}