{"0": -4.569920162000194, "1": -4.5534799588149895, "2": -4.5092955401837465, "3": -4.497599500420563, "4": -4.497599500420563, "5": -4.497599500420563, "6": -4.497599500420563, "7": -4.497599500420563}