{"0": [2423.858807660879], "1": [492.8041569873667, 1211.9294038304395], "2": [260.1898730094368, 246.40207849368335], "3": [206.98372933778467, 123.20103924684167], "4": [156.5356660215291, 61.60051962342084], "5": [159.36160696195228, 30.80025981171042], "6": [180.22539856052558, 15.40012990585521], "7": [333.56741125542857, 7.700064952927605], "8": [2.688117141816135e+43, 3.8500324764638023]}