{"0": [58.57769173891321], "1": [13.539255227406269, 29.288845869456605], "2": [6.578424204684783, 6.769627613703134], "3": [5.689727972230908, 3.2892121023423915], "4": [4.639710587266906, 1.6446060511711957], "5": [4.1566768325510095, 0.8223030255855979], "6": [4.004841663895877, 0.5]}