{"0": -62.04777463003779, "1": -46.39629032024678, "2": -46.39629032024678, "3": -46.39629032024678, "4": -44.436945688280844, "5": -44.436945688280844, "6": -44.436945688280844, "7": -38.250768272008955, "8": -38.250768272008955}