{"0": -4.22946626557987, "1": -4.22946626557987, "2": -4.2068648793103485, "3": -4.163714888017086, "4": -4.163714888017086, "5": -4.163714888017086, "6": -4.163714888017086, "7": -4.163714888017086, "8": -4.163714888017086, "9": -4.163714888017086}