{"0": -35.785365085520105, "1": -32.56541356482614, "2": -32.56541356482614, "3": -31.25658852419548, "4": -28.76201408788078, "5": -28.136692961098603, "6": -23.862724108924713, "7": -21.893036651520667, "8": -21.18829135348507}