{"0": -10.614318357157806, "1": -9.965245374987166, "2": -9.809925562510212, "3": -9.334701133371603, "4": -9.309885500707804, "5": -9.277835857871043, "6": -9.237300419053629, "7": -9.175854753202056, "8": -9.175854753202056}