{"0": [423.7696382950661], "1": [66.85749935923165, 211.88481914753305], "2": [33.337107575605295, 33.42874967961583], "3": [25.3550477681028, 16.668553787802647], "4": [19.89910702208962, 8.334276893901324], "5": [19.54974501351982, 4.167138446950662], "6": [17.585150395392443, 2.083569223475331], "7": [18.164333479310624, 1.0417846117376655], "8": [18.067173402616756, 0.5208923058688327], "9": [21.66931515105497, 0.5]}