{"0": -13.131241356317787, "1": -13.131241356317787, "2": -13.02240723572072, "3": -13.02240723572072, "4": -13.02240723572072, "5": -12.9608817263192, "6": -12.939846167469454}