{"0": [827.9811644889674], "1": [170.39807612179376, 413.9905822444837], "2": [75.48310509827364, 85.19903806089688], "3": [46.087977274505846, 37.74155254913682], "4": [36.37115162299707, 18.87077627456841], "5": [33.093562997544076, 9.435388137284205], "6": [26.985880790386283, 4.7176940686421025], "7": [28.947227396991103, 2.3588470343210513], "8": [113.6409000683961, 1.1794235171605256], "9": [34.64982649433072, 0.5897117585802628], "10": [35.86215255920021, 0.5]}