{"0": [217.38113928756047], "1": [49.53902189332255, 108.69056964378024], "2": [25.475104912805254, 24.769510946661274], "3": [19.21416226084848, 12.384755473330637], "4": [15.836228450421645, 6.1923777366653185], "5": [13.17494415061343, 3.0961888683326593], "6": [12.295000031474382, 1.5480944341663296], "7": [11.89225720184126, 0.7740472170831648], "8": [12.830627618473184, 0.5]}