{"0": -31.311822867147896, "1": -29.70132872252725}