{"0": [372.2800844515736], "1": [62.241200136447794, 186.1400422257868], "2": [23.130455991893434, 31.120600068223897], "3": [15.538993903712035, 11.565227995946717], "4": [12.67910630119015, 5.782613997973359], "5": [10.89450980563654, 2.8913069989866793], "6": [10.872563602386322, 1.4456534994933397], "7": [9.951468510225354, 0.7228267497466698], "8": [9.861469473604297, 0.5]}