{"0": [146.28545453254236], "1": [27.384155529165785, 73.14272726627118], "2": [8.579585842143684, 13.692077764582892], "3": [4.498964394124546, 4.289792921071842], "4": [3.936451018512113, 2.144896460535921], "5": [3.7555051075192067, 1.0724482302679605], "6": [3.372064801053624, 0.5362241151339803], "7": [3.2856773634635292, 0.5]}