{"0": -51.63360412691256, "1": -47.567592758153495, "2": -47.567592758153495, "3": -47.567592758153495, "4": -47.567592758153495, "5": -47.567592758153495, "6": -47.02742869048225, "7": -46.729068792962465, "8": -46.37630275640552}