{"0": -29.09478368008564, "1": -29.09478368008564}