{"0": [1397.867985453215], "1": [270.06529764324273, 698.9339927266075], "2": [113.80889434012249, 135.03264882162136], "3": [92.70398248817145, 56.904447170061246], "4": [71.56004993974871, 28.452223585030623], "5": [67.2013275788918, 14.226111792515312], "6": [58.776230251810105, 7.113055896257656], "7": [60.65952042005513, 3.556527948128828], "8": [63.08468267321218, 1.778263974064414]}