{"0": [4179.913364442647], "1": [802.1028111190099, 2089.9566822213237], "2": [356.19430876661795, 401.05140555950493], "3": [283.3240638353239, 178.09715438330898], "4": [229.15107333971676, 89.04857719165449], "5": [205.57120429740232, 44.524288595827244], "6": [198.92828734918882, 22.262144297913622], "7": [231.526851077485, 11.131072148956811], "8": [318.74010460319687, 5.5655360744784055], "9": [512.1163250516962, 2.7827680372392027]}