{"0": -29.09478368008564, "1": -29.09478368008564, "2": -29.09478368008564, "3": -29.09478368008564, "4": -29.09478368008564, "5": -29.09478368008564, "6": -29.09478368008564, "7": -29.09478368008564}