{"0": -146.66478081402516, "1": -135.6270679159177, "2": -127.17348718240322, "3": -96.91366753134997, "4": -96.91366753134997, "5": -96.91366753134997, "6": -96.91366753134997, "7": -96.91366753134997, "8": -93.70771208885766, "9": -84.93100123250846}