{"0": -32.94073615554223, "1": -31.480564286023696, "2": -29.75435377657912, "3": -28.894573385527067, "4": -28.214399856183007, "5": -26.621514522193028, "6": -26.154569929597184, "7": -24.955736388158595, "8": -22.274069608709375}