{"0": -32.204726890159804, "1": -31.802349730572814, "2": -30.600569782991954, "3": -30.600569782991954, "4": -30.600569782991954, "5": -30.286455860368733, "6": -29.971594306594, "7": -29.525847858927534}