{"0": -8.7494884388387, "1": -8.7494884388387, "2": -8.7494884388387, "3": -8.584217108695347, "4": -8.324423338342529, "5": -8.324423338342529, "6": -8.011778038909746, "7": -8.011778038909746, "8": -8.00182770805667, "9": -7.947239517772108, "10": -7.947239517772108}