{"0": [490.73912766685396], "1": [83.5222180126711, 368.05434575014044], "2": [38.950562603792285, 62.64166350950333], "3": [30.182370504092663, 29.212921952844212], "4": [28.873702350977418, 21.90969146463316], "5": [24.062734806980835, 16.43226859847487], "6": [25.368863379862717, 12.324201448856153], "7": [27.86867461975359, 9.243151086642115], "8": [24.96337218856894, 6.932363314981586], "9": [24.825940123471174, 5.19927248623619], "10": [25.079680011138787, 3.8994543646771422], "11": [23.38344982437677, 2.9245907735078567], "12": [27.42631423634696, 2.1934430801308924], "13": [23.853421210279468, 1.6450823100981693], "14": [24.751329056059596, 1.2338117325736269], "15": [24.840614764871415, 1.0795852660019234]}