{"0": -28.198347080261232, "1": -27.71573412071659, "2": -27.71573412071659, "3": -23.365234536775578, "4": -23.365234536775578, "5": -22.997150358126483, "6": -22.997150358126483, "7": -22.997150358126483, "8": -22.997150358126483, "9": -22.997150358126483, "10": -22.997150358126483, "11": -22.814704486283617, "12": -22.001286574487494, "13": -22.001286574487494, "14": -22.001286574487494, "15": -21.705413276868825, "16": -21.705413276868825, "17": -21.03788751090874, "18": -20.99023470306854, "19": -20.79926312969622}