{"0": [1020.7397817008892], "1": [212.71994763621623, 765.554836275667], "2": [104.47925661897811, 159.53996072716217], "3": [79.53496242935135, 78.35944246423358], "4": [69.48727078550124, 58.769581848175186], "5": [63.8179076724258, 44.07718638613139], "6": [55.63978529495686, 33.05788978959854], "7": [50.74555278853836, 24.793417342198907], "8": [49.73466602373871, 18.59506300664918], "9": [43.693420437411135, 13.946297254986884], "10": [41.310519798274754, 10.459722941240162], "11": [37.52165540431054, 7.844792205930122], "12": [34.55671059477718, 5.883594154447591], "13": [33.687549449162496, 4.412695615835693], "14": [29.614482577351446, 3.3095217118767697], "15": [30.322729551149624, 2.4821412839075774], "16": [29.844689825759314, 1.8616059629306831], "17": [29.86923207591945, 1.3962044721980122], "18": [30.762167145108364, 1.0471533541485092]}