{"0": [122.45310340944313], "1": [23.940507798572664, 61.226551704721565], "2": [13.135086242680279, 11.970253899286332], "3": [11.238845460053987, 5.985126949643166], "4": [10.112067929244269, 2.992563474821583], "5": [9.115613352692588, 1.4962817374107915], "6": [8.25699514568395, 0.7481408687053958], "7": [7.904988229520662, 0.5]}