{"0": [3167.2708134711866], "1": [723.4998767691575, 2375.45311010339], "2": [464.40283181095435, 542.624907576868], "3": [358.03079113397797, 348.30212385821574], "4": [334.2869076748341, 261.2265928936618], "5": [324.57949374555824, 195.91994467024637], "6": [311.90742906698466, 146.93995850268476], "7": [272.7580406632496, 110.20496887701357], "8": [292.65418416733627, 82.65372665776017], "9": [290.57945609222827, 61.990294993320134], "10": [313.3040762742255, 46.4927212449901], "11": [361.6825690763762, 34.86954093374258], "12": [544.4089765749362, 26.152155700306935], "13": [2085.5463312854395, 19.6141167752302], "14": [2.688117141816135e+43, 14.71058758142265]}