{"0": [527.3457866479235], "1": [98.02121880088072, 263.6728933239618], "2": [39.90131463749828, 49.01060940044036], "3": [31.016109960374774, 19.95065731874914], "4": [26.003961281045367, 9.97532865937457], "5": [24.4657375443897, 4.987664329687285], "6": [23.02320553862846, 2.4938321648436426], "7": [23.66298306492283, 1.2469160824218213], "8": [24.60858424981649, 0.6234580412109106]}