{"0": -6.7528984323174654, "1": -6.580790621781659, "2": -6.580790621781659, "3": -6.580790621781659, "4": -6.580790621781659, "5": -6.577012272275681}